day,satellite_id,clock_type,profile,anomaly_start_day,freq_offset_y,clock_bias_ns,steering_reset,steering_correction_ns,trb_core_temp_c,rafs_signal_level,bus_voltage_v
1650,IRNSS-1I,imported,slow_drift,1750.0,1.2681410939206473e-12,109.5673905147439,True,109.5673905147439,14.57840728970562,0.9970439269624954,50.05175208123911
1651,IRNSS-1I,imported,slow_drift,1750.0,1.343687827713498e-12,116.09462831444624,True,116.09462831444624,14.915097209116784,0.9964728737260582,50.0233246942422
1652,IRNSS-1I,imported,slow_drift,1750.0,1.282710420343384e-12,110.8261803176684,True,110.8261803176684,14.441401237369496,1.0005472854880768,49.99793314846064
1653,IRNSS-1I,imported,slow_drift,1750.0,1.2425064239457164e-12,107.35255502890988,True,107.35255502890988,14.438524481984771,1.0007441898307516,50.00143402765142
1654,IRNSS-1I,imported,slow_drift,1750.0,1.2965078384121832e-12,112.01827723881264,True,112.01827723881264,14.552583468055028,0.9993169506304784,50.08917515156829
1655,IRNSS-1I,imported,slow_drift,1750.0,1.303553385222763e-12,112.62701248324672,True,112.62701248324672,14.362328605633008,0.998539037829325,50.02137602775561
1656,IRNSS-1I,imported,slow_drift,1750.0,1.3516158245829072e-12,116.77960724396318,True,116.77960724396318,14.320124445282753,0.999362116750668,50.030985905477145
1657,IRNSS-1I,imported,slow_drift,1750.0,1.3377300065443464e-12,115.57987256543151,True,115.57987256543151,14.520453536624094,1.0009694720156117,50.10492381039394
1658,IRNSS-1I,imported,slow_drift,1750.0,1.2882402420304354e-12,111.30395691142962,True,111.30395691142962,14.389502793582992,1.000317356254505,50.02697692808112
1659,IRNSS-1I,imported,slow_drift,1750.0,1.338232229227801e-12,115.623264605282,True,115.623264605282,14.325037547203369,1.0010444723747192,50.083015875953166
1660,IRNSS-1I,imported,slow_drift,1750.0,1.404667471036579e-12,121.3632694975604,True,121.3632694975604,14.357914693894328,0.9977057747300756,50.08999205204952
1661,IRNSS-1I,imported,slow_drift,1750.0,1.4310206116453506e-12,123.64018084615827,True,123.64018084615827,14.40966023789087,0.9979985261726086,50.03719358442675
1662,IRNSS-1I,imported,slow_drift,1750.0,1.4578800600252241e-12,125.96083718617936,True,125.96083718617936,14.169110170580872,0.9995601769962617,50.04965558345389
1663,IRNSS-1I,imported,slow_drift,1750.0,1.4752362995299845e-12,127.46041627939064,True,127.46041627939064,14.544269677771512,1.0034625338735026,50.05914470589613
1664,IRNSS-1I,imported,slow_drift,1750.0,1.4595957807726293e-12,126.10907545875516,True,126.10907545875516,14.421996027698247,1.0021928568603535,50.03526292978847
1665,IRNSS-1I,imported,slow_drift,1750.0,1.3949249274052872e-12,120.52151372781682,True,120.52151372781682,14.41683661758578,1.00268391594164,49.98513592673837
1666,IRNSS-1I,imported,slow_drift,1750.0,1.3810841515230477e-12,119.3256706915913,True,119.3256706915913,14.35429014167368,0.9969085306382488,50.0551909860385
1667,IRNSS-1I,imported,slow_drift,1750.0,1.4228207665484308e-12,122.9317142297844,True,122.9317142297844,14.489522160907352,0.9911697599480596,50.04996058416948
1668,IRNSS-1I,imported,slow_drift,1750.0,1.4226672291542784e-12,122.91844859892966,True,122.91844859892966,14.10102489528586,0.994039047149102,50.02040103031201
1669,IRNSS-1I,imported,slow_drift,1750.0,1.3899152028091805e-12,120.0886735227132,True,120.0886735227132,14.109327573996838,1.0044543464923186,49.998639233721605
1670,IRNSS-1I,imported,slow_drift,1750.0,1.3791260318030518e-12,119.15648914778367,True,119.15648914778367,14.107660259974296,1.0005423802538949,49.971061409183605
1671,IRNSS-1I,imported,slow_drift,1750.0,1.3893228864168014e-12,120.03749738641164,True,120.03749738641164,14.168057913554376,1.001616040612037,49.929972288895335
1672,IRNSS-1I,imported,slow_drift,1750.0,1.3644657720307408e-12,117.889842703456,True,117.889842703456,14.06508884591039,0.9964980951120188,49.949960464249095
1673,IRNSS-1I,imported,slow_drift,1750.0,1.3499263681559706e-12,116.63363820867586,True,116.63363820867586,14.061957051913389,0.9993253701643918,49.968415409787184
1674,IRNSS-1I,imported,slow_drift,1750.0,1.3684697357273644e-12,118.2357851668443,True,118.2357851668443,14.170153148665891,1.0007395648035629,49.89198806239937
1675,IRNSS-1I,imported,slow_drift,1750.0,1.2981758606012918e-12,112.16239435595162,True,112.16239435595162,13.800592902039591,0.9960479288724556,49.969091672935065
1676,IRNSS-1I,imported,slow_drift,1750.0,1.3746735977926739e-12,118.77179884928704,True,118.77179884928704,14.068634438587276,1.0042214917308003,49.97588075433432
1677,IRNSS-1I,imported,slow_drift,1750.0,1.3349559793700599e-12,115.34019661757318,True,115.34019661757318,13.902664821152936,1.0040671648221944,49.92720753125484
1678,IRNSS-1I,imported,slow_drift,1750.0,1.3496725728521972e-12,116.61171029442984,True,116.61171029442984,14.121210838364888,1.0008551205819152,49.93304304377199
1679,IRNSS-1I,imported,slow_drift,1750.0,1.3010712961162438e-12,112.41255998444346,True,112.41255998444346,13.79094105937135,0.9999196386924696,50.12654664521297
1680,IRNSS-1I,imported,slow_drift,1750.0,1.3896106360650102e-12,120.06235895601688,True,120.06235895601688,13.940556832743471,0.99859252243675,50.08020833399714
1681,IRNSS-1I,imported,slow_drift,1750.0,1.3109284920409882e-12,113.26422171234138,True,113.26422171234138,13.514902235271496,0.9983908555525142,50.08100080607402
1682,IRNSS-1I,imported,slow_drift,1750.0,1.3711765052022017e-12,118.46965004947022,True,118.46965004947022,13.66292253711296,1.0032648252118896,50.08857950374627
1683,IRNSS-1I,imported,slow_drift,1750.0,1.4138984960424297e-12,122.16083005806593,True,122.16083005806593,13.870517179313122,1.000594708553973,50.105491173187126
1684,IRNSS-1I,imported,slow_drift,1750.0,1.3761394391099529e-12,118.8984475390999,True,118.8984475390999,13.752999960318972,0.9969160256650804,50.06931740961391
1685,IRNSS-1I,imported,slow_drift,1750.0,1.3392665101040994e-12,115.7126264729942,True,115.7126264729942,13.450088535212045,1.0010840632635531,50.11740290797899
1686,IRNSS-1I,imported,slow_drift,1750.0,1.2954662001347316e-12,111.9282796916408,True,111.9282796916408,13.470378370843884,0.9990240956748548,50.07721288351073
1687,IRNSS-1I,imported,slow_drift,1750.0,1.289724581288835e-12,111.43220382335534,True,111.43220382335534,13.423739811135585,1.0072837250011335,50.08131430677594
1688,IRNSS-1I,imported,slow_drift,1750.0,1.2845143765978761e-12,110.9820421380565,True,110.9820421380565,13.223096869051751,0.996529987301988,50.039495313379895
1689,IRNSS-1I,imported,slow_drift,1750.0,1.2767905309647826e-12,110.31470187535722,True,110.31470187535722,13.421018633476502,0.997474320898918,49.96531296726637
1690,IRNSS-1I,imported,slow_drift,1750.0,1.3627683930476909e-12,117.74318915932048,True,117.74318915932048,13.356904185217047,0.9942842698491954,50.05442610534389
1691,IRNSS-1I,imported,slow_drift,1750.0,1.398784211169432e-12,120.85495584503892,True,120.85495584503892,13.343876641919252,0.9987202264412725,49.98926304620949
1692,IRNSS-1I,imported,slow_drift,1750.0,1.4052693111828297e-12,121.41526848619648,True,121.41526848619648,13.213554298230708,0.9986187969845522,49.95890269392847
1693,IRNSS-1I,imported,slow_drift,1750.0,1.4304077441770644e-12,123.58722909689835,True,123.58722909689835,13.02237188718892,0.9997516751573884,50.01584144826218
1694,IRNSS-1I,imported,slow_drift,1750.0,1.4824285066220826e-12,128.08182297214793,True,128.08182297214793,13.205371807944283,0.9879987335461516,49.87134819549023
1695,IRNSS-1I,imported,slow_drift,1750.0,1.4603787220428894e-12,126.17672158450564,True,126.17672158450564,13.07208661421454,0.9879634460221596,49.88492023715777
1696,IRNSS-1I,imported,slow_drift,1750.0,1.4131781586925381e-12,122.0985929110353,True,122.0985929110353,13.148645592726208,0.995789372789792,49.916715611534336
1697,IRNSS-1I,imported,slow_drift,1750.0,1.485618182698519e-12,128.357410985152,True,128.357410985152,13.037569378223171,0.993507833203791,49.94488307977241
1698,IRNSS-1I,imported,slow_drift,1750.0,1.5035845736929074e-12,129.90970716706718,True,129.90970716706718,12.957002078864653,0.9974382513372384,49.97062860127718
1699,IRNSS-1I,imported,slow_drift,1750.0,1.445341404325173e-12,124.87749733369492,True,124.87749733369492,12.638739326692358,0.9988866156397962,49.98616982120453
1700,IRNSS-1I,imported,slow_drift,1750.0,1.4848213382105646e-12,128.2885636213928,True,128.2885636213928,12.580146674888162,0.9915501672415866,49.92416045896119
1701,IRNSS-1I,imported,slow_drift,1750.0,1.4750935986315282e-12,127.44808692176404,True,127.44808692176404,12.480462593778563,0.9952040983205052,49.99385955585428
1702,IRNSS-1I,imported,slow_drift,1750.0,1.4155304540008014e-12,122.30183122566925,True,122.30183122566925,12.544440499517352,0.9928954366458536,49.99792133149731
1703,IRNSS-1I,imported,slow_drift,1750.0,1.4377978584804016e-12,124.2257349727067,True,124.2257349727067,12.554119268819065,0.9860922623996096,49.96943447136172
1704,IRNSS-1I,imported,slow_drift,1750.0,1.5451404941923662e-12,133.50013869822044,True,133.50013869822044,12.170499226275728,0.9882343593999602,50.027435580764376
1705,IRNSS-1I,imported,slow_drift,1750.0,1.575320749316507e-12,136.10771274094617,True,136.10771274094617,12.52175761648281,0.9830710112220364,50.10033049361649
1706,IRNSS-1I,imported,slow_drift,1750.0,1.5879170617771858e-12,137.19603413754885,True,137.19603413754885,12.07287200976221,0.9906605301717846,50.03587667060376
1707,IRNSS-1I,imported,slow_drift,1750.0,1.6425838633174256e-12,141.91924579062555,True,141.91924579062555,12.168602075640312,0.988535320809696,50.09149996990118
1708,IRNSS-1I,imported,slow_drift,1750.0,1.5573253194065089e-12,134.55290759672238,True,134.55290759672238,12.17473497634213,0.9902119838836432,50.03356714056733
1709,IRNSS-1I,imported,slow_drift,1750.0,1.5561407348960773e-12,134.45055949502108,True,134.45055949502108,12.030189406851598,0.9842951040332428,50.07645670160345
1710,IRNSS-1I,imported,slow_drift,1750.0,1.551601879498318e-12,134.05840238865468,True,134.05840238865468,11.863795539666492,0.9851512924808418,50.10148695066083
1711,IRNSS-1I,imported,slow_drift,1750.0,1.5579711849808957e-12,134.6087103823494,True,134.6087103823494,12.01055837316208,0.9875844585164814,50.147295764557946
1712,IRNSS-1I,imported,slow_drift,1750.0,1.4906852598359312e-12,128.79520644982446,True,128.79520644982446,11.643785937774975,0.9805696369570892,50.21350237618096
1713,IRNSS-1I,imported,slow_drift,1750.0,1.5401308083349076e-12,133.06730184013605,True,133.06730184013605,11.984935089492788,0.981217223005681,50.270382925019724
1714,IRNSS-1I,imported,slow_drift,1750.0,1.6079474366731293e-12,138.92665852855836,True,138.92665852855836,11.785162934917842,0.98500107250785,50.150534073774736
1715,IRNSS-1I,imported,slow_drift,1750.0,1.6346026335374161e-12,141.22966753763276,True,141.22966753763276,11.70169901087108,0.978682704877892,50.12709091903053
1716,IRNSS-1I,imported,slow_drift,1750.0,1.626237093818886e-12,140.50688490595175,True,140.50688490595175,11.616829105458878,0.9778725424128272,50.20260296840914
1717,IRNSS-1I,imported,slow_drift,1750.0,1.678427207594927e-12,145.01611073620168,True,145.01611073620168,11.835201979903731,0.9845728260216524,50.12442508746626
1718,IRNSS-1I,imported,slow_drift,1750.0,1.623871169348102e-12,140.302469031676,True,140.302469031676,11.511772857349778,0.9833139716742266,50.11517573126818
1719,IRNSS-1I,imported,slow_drift,1750.0,1.5913635134895128e-12,137.4938075654939,True,137.4938075654939,11.531250656908584,0.9738439703515414,50.18242053094912
1720,IRNSS-1I,imported,slow_drift,1750.0,1.5405712475976174e-12,133.10535579243415,True,133.10535579243415,11.22766778728575,0.9769395703772742,50.178219809704615
1721,IRNSS-1I,imported,slow_drift,1750.0,1.5537696915732748e-12,134.24570135193093,True,134.24570135193093,11.273230829696509,0.97294734997748,50.16429542498439
1722,IRNSS-1I,imported,slow_drift,1750.0,1.6209181750884325e-12,140.04733032764054,True,140.04733032764054,11.11019621161199,0.9803746948333216,50.16114332612743
1723,IRNSS-1I,imported,slow_drift,1750.0,1.6638493390375036e-12,143.7565828928403,True,143.7565828928403,11.085885113534871,0.9677638335294708,50.20072887214744
1724,IRNSS-1I,imported,slow_drift,1750.0,1.6882786725331412e-12,145.8672773068634,True,145.8672773068634,11.170975919772236,0.9698582015184356,50.20610841922901
1725,IRNSS-1I,imported,slow_drift,1750.0,1.6590593456113862e-12,143.34272746082377,True,143.34272746082377,11.036351717463784,0.9723444829619476,50.13583511471618
1726,IRNSS-1I,imported,slow_drift,1750.0,1.7183791007748565e-12,148.46795430694758,True,148.46795430694758,10.87160729220876,0.970721630880348,50.09948500371687
1727,IRNSS-1I,imported,slow_drift,1750.0,1.6460870524968261e-12,142.2219213357258,True,142.2219213357258,10.78553673086996,0.9782488388772556,50.08987344742096
1728,IRNSS-1I,imported,slow_drift,1750.0,1.6158299362119816e-12,139.6077064887152,True,139.6077064887152,10.569499838473734,0.9681608666993496,50.17675276077958
1729,IRNSS-1I,imported,slow_drift,1750.0,1.6954339250271633e-12,146.4854911223469,True,146.4854911223469,10.495584885356594,0.972292278335784,50.16058504112614
1730,IRNSS-1I,imported,slow_drift,1750.0,1.7950305667054248e-12,155.0906409633487,True,155.0906409633487,10.792842080319067,0.9650421924653554,50.20731234791024
1731,IRNSS-1I,imported,slow_drift,1750.0,1.7919052884047416e-12,154.82061691816966,True,154.82061691816966,10.465594481625596,0.9613836681306338,50.193711915930365
1732,IRNSS-1I,imported,slow_drift,1750.0,1.8199218826914626e-12,157.24125066454238,True,157.24125066454238,10.374548237915867,0.9654918040841826,50.16035970295941
1733,IRNSS-1I,imported,slow_drift,1750.0,1.7916167678747809e-12,154.79568874438107,True,154.79568874438107,10.443245735666816,0.9628123672493594,50.114766070614
1734,IRNSS-1I,imported,slow_drift,1750.0,1.801968521551108e-12,155.69008026201573,True,155.69008026201573,10.105184007991316,0.9654103989028412,50.08114862756434
1735,IRNSS-1I,imported,slow_drift,1750.0,1.8523955923426977e-12,160.04697917840906,True,160.04697917840906,10.404306605506722,0.9648265399477888,50.02506102682464
1736,IRNSS-1I,imported,slow_drift,1750.0,1.899707233508473e-12,164.13470497513205,True,164.13470497513205,10.150491794687582,0.9709055106968796,49.94903287753312
1737,IRNSS-1I,imported,slow_drift,1750.0,1.8932761581084783e-12,163.57906006057254,True,163.57906006057254,10.396970897744753,0.9661806663272348,50.071396816446445
1738,IRNSS-1I,imported,slow_drift,1750.0,1.890028260892925e-12,163.29844174114868,True,163.29844174114868,9.90692463944958,0.9629799050954196,50.05153808106415
1739,IRNSS-1I,imported,slow_drift,1750.0,1.8800723662309374e-12,162.438252442353,True,162.438252442353,9.84793370565561,0.9659949258692956,50.00498542240755
1740,IRNSS-1I,imported,slow_drift,1750.0,1.94062108404466e-12,167.66966166145858,True,167.66966166145858,9.926980252523588,0.962033206624887,49.96718830931721
1741,IRNSS-1I,imported,slow_drift,1750.0,1.884192614335588e-12,162.7942418785948,True,162.7942418785948,9.748662761554291,0.9585171412376228,49.97481211978358
1742,IRNSS-1I,imported,slow_drift,1750.0,1.8315663415943392e-12,158.2473319137509,True,158.2473319137509,9.676510520404788,0.9592959147030083,49.91652904379719
1743,IRNSS-1I,imported,slow_drift,1750.0,1.7811917523966536e-12,153.89496740707088,True,153.89496740707088,9.43807669366228,0.951033090742806,49.9487576465461
1744,IRNSS-1I,imported,slow_drift,1750.0,1.7705960047515553e-12,152.97949481053436,True,152.97949481053436,9.33614852607392,0.9559654384568916,49.885626584084186
1745,IRNSS-1I,imported,slow_drift,1750.0,1.8151091258318561e-12,156.82542847187236,True,156.82542847187236,9.360945334621508,0.9647314295978991,49.70195223496989
1746,IRNSS-1I,imported,slow_drift,1750.0,1.730549197303736e-12,149.5194506470428,True,149.5194506470428,9.548804725105974,0.9572324696122424,49.6900973380394
1747,IRNSS-1I,imported,slow_drift,1750.0,1.712906460406547e-12,147.99511817912563,True,147.99511817912563,9.090276488689357,0.951199757430258,49.53874886288746
1748,IRNSS-1I,imported,slow_drift,1750.0,1.6992690476041482e-12,146.8168457129984,True,146.8168457129984,9.319190004042646,0.9586605869700724,49.513681423241664
1749,IRNSS-1I,imported,slow_drift,1750.0,1.7184370345555349e-12,148.4729597855982,True,148.4729597855982,9.17181782428382,0.9579453191651596,49.436714436210586
1750,IRNSS-1I,imported,slow_drift,1750.0,1.60044753034009e-12,138.27866662138376,True,138.27866662138376,9.104371649226168,0.9515710216340364,49.4736058605684
1751,IRNSS-1I,imported,slow_drift,1750.0,1.6090904646413826e-12,139.02541614501547,True,139.02541614501547,9.073410993662872,0.9512072331790964,49.45817522638273
1752,IRNSS-1I,imported,slow_drift,1750.0,1.511254537573685e-12,130.57239204636636,True,130.57239204636636,8.533787553221527,0.960535798247625,49.46687642400501
1753,IRNSS-1I,imported,slow_drift,1750.0,1.6011292169681999e-12,138.3375643460525,True,138.3375643460525,8.92316548246734,0.9489073774556276,49.47035436299377
1754,IRNSS-1I,imported,slow_drift,1750.0,1.5395327150600813e-12,133.015626581191,True,133.015626581191,8.717439434912183,0.95766182853631,49.45402289014934
1755,IRNSS-1I,imported,slow_drift,1750.0,1.4742726476021464e-12,127.37715675282544,True,127.37715675282544,8.868695737702918,0.9575553300409576,49.45506738281656
1756,IRNSS-1I,imported,slow_drift,1750.0,1.4099262863201968e-12,121.817631138065,True,121.817631138065,8.760872612722562,0.9455321736230008,49.51031208562894
1757,IRNSS-1I,imported,slow_drift,1750.0,1.2969405734969024e-12,112.05566555013236,True,112.05566555013236,8.654471787910454,0.94201156401759,49.58112177127586
1758,IRNSS-1I,imported,slow_drift,1750.0,1.3407902376579837e-12,115.8442765336498,True,115.8442765336498,8.550468690301502,0.95019684801056,49.55317561293868
1759,IRNSS-1I,imported,slow_drift,1750.0,1.3339216149895997e-12,115.25082753510142,True,115.25082753510142,8.344094729468496,0.9500341877617456,49.53293791561758
1760,IRNSS-1I,imported,slow_drift,1750.0,1.3766939428392797e-12,118.94635666131376,True,118.94635666131376,8.47013439458945,0.9470874518875556,49.522698510513145
1761,IRNSS-1I,imported,slow_drift,1750.0,1.403308267309419e-12,121.2458342955338,True,121.2458342955338,8.271801038265036,0.9429328896307648,49.498509094767385
1762,IRNSS-1I,imported,slow_drift,1750.0,1.3137290515217102e-12,113.50619005147576,True,113.50619005147576,8.060252183944689,0.9454375272468116,49.52272181788706
1763,IRNSS-1I,imported,slow_drift,1750.0,1.2471477304931466e-12,107.75356391460788,True,107.75356391460788,7.954742137807006,0.9454897821666514,49.552407510758016
1764,IRNSS-1I,imported,slow_drift,1750.0,1.2783769085404196e-12,110.45176489789225,True,110.45176489789225,8.112020412360904,0.9408981181883296,49.63340067246583
1765,IRNSS-1I,imported,slow_drift,1750.0,1.187674908514218e-12,102.61511209562843,True,102.61511209562843,7.88718807485686,0.9428305763036672,49.63282115912658
1766,IRNSS-1I,imported,slow_drift,1750.0,1.182341835385617e-12,102.15433457731729,True,102.15433457731729,7.739674749754982,0.9471741983797016,49.74969479800642
1767,IRNSS-1I,imported,slow_drift,1750.0,1.1936453659017609e-12,103.13095961391215,True,103.13095961391215,7.801374861005261,0.9423532799145624,49.65172721743081
1768,IRNSS-1I,imported,slow_drift,1750.0,1.191537763657445e-12,102.94886278000324,True,102.94886278000324,7.663812135887648,0.9360345416785713,49.58199613194572
1769,IRNSS-1I,imported,slow_drift,1750.0,1.1415262671529305e-12,98.62786948201318,True,98.62786948201318,7.820295493908349,0.9422269996600916,49.61092517601191
1770,IRNSS-1I,imported,slow_drift,1750.0,1.129012791261887e-12,97.54670516502703,True,97.54670516502703,7.361173819866142,0.9321266044747574,49.58274399765931
1771,IRNSS-1I,imported,slow_drift,1750.0,1.180200902872389e-12,101.9693580081744,True,101.9693580081744,7.547461364418559,0.9346626602578731,49.61206843643947
1772,IRNSS-1I,imported,slow_drift,1750.0,1.110545121536484e-12,95.95109850075222,True,95.95109850075222,7.626867575887336,0.9403450769845672,49.607731072175504
1773,IRNSS-1I,imported,slow_drift,1750.0,1.1086163136358158e-12,95.78444949813448,True,95.78444949813448,7.6224207786438685,0.9401127314029012,49.51320078593722
1774,IRNSS-1I,imported,slow_drift,1750.0,1.0963442402323338e-12,94.72414235607364,True,94.72414235607364,7.113806624402733,0.9332302803214552,49.61837388266756
1775,IRNSS-1I,imported,slow_drift,1750.0,1.0442569183329138e-12,90.22379774396376,True,90.22379774396376,7.100141507778834,0.9292661663482644,49.635388066387925
1776,IRNSS-1I,imported,slow_drift,1750.0,1.078867954866235e-12,93.21419130044268,True,93.21419130044268,7.175597909371691,0.941937634162754,49.60038478903552
1777,IRNSS-1I,imported,slow_drift,1750.0,1.0291481109406654e-12,88.9183967852735,True,88.9183967852735,7.22180816748645,0.9379702035879998,49.67824503108834
1778,IRNSS-1I,imported,slow_drift,1750.0,1.0357316759829622e-12,89.48721680492794,True,89.48721680492794,6.968670866854544,0.93545252452894,49.76505857812196
1779,IRNSS-1I,imported,slow_drift,1750.0,1.0595210121361024e-12,91.54261544855925,True,91.54261544855925,7.087670252012176,0.933098627247716,49.771424437926015
1780,IRNSS-1I,imported,slow_drift,1750.0,1.1415399512087877e-12,98.62905178443924,True,98.62905178443924,7.313694188394931,0.934499943369592,49.83090010399325
1781,IRNSS-1I,imported,slow_drift,1750.0,9.658428237829474e-13,83.44881997484666,True,83.44881997484666,6.876396798294167,0.9253312555876604,49.8615392575613
1782,IRNSS-1I,imported,slow_drift,1750.0,8.899300970834191e-13,76.88996038800741,True,76.88996038800741,7.1251350874608566,0.9249188859324656,49.927125255846505
1783,IRNSS-1I,imported,slow_drift,1750.0,8.983317901902937e-13,77.61586667244137,True,77.61586667244137,6.808597871135626,0.9266512844686844,49.82817413341576
1784,IRNSS-1I,imported,slow_drift,1750.0,9.304621272575333e-13,80.39192779505088,True,80.39192779505088,6.800129608215128,0.9229927941909816,49.73135637476103
1785,IRNSS-1I,imported,slow_drift,1750.0,1.007252845377914e-12,87.02664584065177,True,87.02664584065177,6.738626629658313,0.9292652435172186,49.749329589803125
1786,IRNSS-1I,imported,slow_drift,1750.0,1.0111317475498633e-12,87.36178298830818,True,87.36178298830818,6.768431675233516,0.9209780367439984,49.73757535022222
1787,IRNSS-1I,imported,slow_drift,1750.0,1.0538641970543768e-12,91.05386662549816,True,91.05386662549816,6.834820320198559,0.9342004877350162,49.71041834847676
1788,IRNSS-1I,imported,slow_drift,1750.0,1.0624875859264951e-12,91.79892742404918,True,91.79892742404918,6.782001549807491,0.9243611400465064,49.71516086368407
1789,IRNSS-1I,imported,slow_drift,1750.0,1.0460100113216236e-12,90.37526497818828,True,90.37526497818828,6.657569983166298,0.9247287918176748,49.65622775249863
1790,IRNSS-1I,imported,slow_drift,1750.0,9.5495334034726e-13,82.50796860600326,True,82.50796860600326,6.214353045788563,0.925335919474254,49.65421979780778
1791,IRNSS-1I,imported,slow_drift,1750.0,9.351511042424312e-13,80.79705540654605,True,80.79705540654605,6.6112724969644665,0.9256121328272272,49.625519549300485
1792,IRNSS-1I,imported,slow_drift,1750.0,8.524195040523232e-13,73.64904515012073,True,73.64904515012073,6.48246099100922,0.9191643872950922,49.76996217878855
1793,IRNSS-1I,imported,slow_drift,1750.0,8.935705843117407e-13,77.2044984845344,True,77.2044984845344,6.462085048243014,0.9282153635337258,49.70513406536418
1794,IRNSS-1I,imported,slow_drift,1750.0,8.007581193979803e-13,69.1855015159855,True,69.1855015159855,6.364696083264623,0.9215534146437716,49.72584100768327
1795,IRNSS-1I,imported,slow_drift,1750.0,7.953788000160077e-13,68.72072832138306,True,68.72072832138306,6.091236117088985,0.9253395051720888,49.70783578244691
1796,IRNSS-1I,imported,slow_drift,1750.0,7.803593933338623e-13,67.42305158404571,True,67.42305158404571,6.27601481319629,0.9196131496160692,49.74265943883589
1797,IRNSS-1I,imported,slow_drift,1750.0,7.575033767632048e-13,65.4482917523409,True,65.4482917523409,6.114630389289209,0.9172416608234238,49.73147239538627
1798,IRNSS-1I,imported,slow_drift,1750.0,8.412535318175665e-13,72.68430514903774,True,72.68430514903774,6.046640164013479,0.918531039515672,49.85942926156393
1799,IRNSS-1I,imported,slow_drift,1750.0,7.411679226157255e-13,64.03690851399867,True,64.03690851399867,5.941384336604967,0.9156508525315014,49.78103783416744
1800,IRNSS-1I,imported,slow_drift,1750.0,7.459263877015885e-13,64.44803989741725,True,64.44803989741725,6.311601990101825,0.9227660151376642,49.89879211991459
1801,IRNSS-1I,imported,slow_drift,1750.0,8.136390544015248e-13,70.29841430029174,True,70.29841430029174,6.03519372075465,0.9248215850551832,49.878584195615446
1802,IRNSS-1I,imported,slow_drift,1750.0,8.602092742706918e-13,74.32208129698776,True,74.32208129698776,6.131246725456822,0.9194088998250736,49.90740396116846
1803,IRNSS-1I,imported,slow_drift,1750.0,8.077806551466684e-13,69.79224860467214,True,69.79224860467214,5.919537286561795,0.9143719883725084,49.96928201392453
1804,IRNSS-1I,imported,slow_drift,1750.0,8.678689121103444e-13,74.98387400633375,True,74.98387400633375,5.716619466969346,0.9199197829254204,49.96785927902403
1805,IRNSS-1I,imported,slow_drift,1750.0,8.22980300239615e-13,71.10549794070273,True,71.10549794070273,6.014238977991086,0.9227678973743876,49.99057750011283
1806,IRNSS-1I,imported,slow_drift,1750.0,8.938755174964619e-13,77.2308447116943,True,77.2308447116943,5.944689820634532,0.913656194888935,50.00794864421853
1807,IRNSS-1I,imported,slow_drift,1750.0,1.0141236687848733e-12,87.62028498301305,True,87.62028498301305,5.892905009797667,0.9135040929000292,49.926284787451465
1808,IRNSS-1I,imported,slow_drift,1750.0,9.555406027346825e-13,82.55870807627655,True,82.55870807627655,5.868088684480131,0.917770838481865,49.84385823907356
1809,IRNSS-1I,imported,slow_drift,1750.0,9.212779013717905e-13,79.5984106785227,True,79.5984106785227,5.710016017105055,0.9136319210337136,49.86362514835446
1810,IRNSS-1I,imported,slow_drift,1750.0,9.983624722710764e-13,86.258517604221,True,86.258517604221,6.194786673816248,0.9123549945894724,49.84475049093406
1811,IRNSS-1I,imported,slow_drift,1750.0,9.653250462337114e-13,83.40408399459267,True,83.40408399459267,5.5252420538255045,0.9121410251798064,49.79504347655771
1812,IRNSS-1I,imported,slow_drift,1750.0,9.828831684414578e-13,84.92110575334195,True,84.92110575334195,5.532110297161355,0.9036885637050548,49.77678889795445
1813,IRNSS-1I,imported,slow_drift,1750.0,1.0007487630407997e-12,86.46469312672508,True,86.46469312672508,5.742939168748682,0.9068441740842592,49.80511499006303
1814,IRNSS-1I,imported,slow_drift,1750.0,9.409826774033765e-13,81.30090332765174,True,81.30090332765174,5.4038395357571565,0.9161927681747633,49.780063619809326
1815,IRNSS-1I,imported,slow_drift,1750.0,1.0465460239615005e-12,90.42157647027364,True,90.42157647027364,5.614795835145,0.9119027225964188,49.79050225187411
1816,IRNSS-1I,imported,slow_drift,1750.0,1.030227891127938e-12,89.01168979345384,True,89.01168979345384,5.600000803764556,0.9050376236726106,49.73003490282559
1817,IRNSS-1I,imported,slow_drift,1750.0,1.0438486020365435e-12,90.18851921595736,True,90.18851921595736,5.456372190830874,0.9099936983013645,49.70167340386737
1818,IRNSS-1I,imported,slow_drift,1750.0,1.1320293587160726e-12,97.80733659306868,True,97.80733659306868,5.8403975339579,0.9106632472036016,49.69271621160318
1819,IRNSS-1I,imported,slow_drift,1750.0,1.144551915387319e-12,98.88928548946436,True,98.88928548946436,5.533646289663409,0.912167167828916,49.75761454674427
1820,IRNSS-1I,imported,slow_drift,1750.0,1.0830675674719752e-12,93.57703782957866,True,93.57703782957866,5.841655647033743,0.9125863372202272,49.72174801435672
1821,IRNSS-1I,imported,slow_drift,1750.0,1.0990486289475325e-12,94.9578015410668,True,94.9578015410668,5.775842262537649,0.9010844504971212,49.675588868351255
1822,IRNSS-1I,imported,slow_drift,1750.0,1.0706542790414146e-12,92.5045297091782,True,92.5045297091782,5.637524031422823,0.903852172079563,49.678641874135096
1823,IRNSS-1I,imported,slow_drift,1750.0,1.0453237423475861e-12,90.31597133883145,True,90.31597133883145,5.423414024260522,0.9142563392924068,49.60821119710776
1824,IRNSS-1I,imported,slow_drift,1750.0,1.0340191789898998e-12,89.33925706472736,True,89.33925706472736,5.329251143382677,0.9063881176015192,49.58426547482902
1825,IRNSS-1I,imported,slow_drift,1750.0,1.0730291300571965e-12,92.70971683694177,True,92.70971683694177,5.399649332161582,0.9124228557301634,49.527763585549216
1826,IRNSS-1I,imported,slow_drift,1750.0,1.107143158580779e-12,95.65716890137932,True,95.65716890137932,5.436292359431713,0.908771676760414,49.54474650843376
1827,IRNSS-1I,imported,slow_drift,1750.0,1.0734684806203998e-12,92.74767672560256,True,92.74767672560256,5.317624233412871,0.9069329735580072,49.52701468827459
1828,IRNSS-1I,imported,slow_drift,1750.0,1.1209535375714938e-12,96.85038564617706,True,96.85038564617706,5.394912732956234,0.9020799505255606,49.55541066171898
1829,IRNSS-1I,imported,slow_drift,1750.0,1.09503547847738e-12,94.61106534044563,True,94.61106534044563,5.5073093946953495,0.9157653782303828,49.50186720725943
1830,IRNSS-1I,imported,slow_drift,1750.0,1.1140004908925393e-12,96.2496424131154,True,96.2496424131154,5.508766650069253,0.9060088455316646,49.55969916486067
1831,IRNSS-1I,imported,slow_drift,1750.0,1.005115901416252e-12,86.84201388236416,True,86.84201388236416,5.432498510570832,0.909151325292937,49.547688518974745
1832,IRNSS-1I,imported,slow_drift,1750.0,9.880229199207347e-13,85.36518028115148,True,85.36518028115148,5.553944432109147,0.9087019511695084,49.518360161404935
1833,IRNSS-1I,imported,slow_drift,1750.0,1.0815706477721374e-12,93.44770396751268,True,93.44770396751268,5.404846491431345,0.911054331796586,49.51268094846
1834,IRNSS-1I,imported,slow_drift,1750.0,1.0884491302177345e-12,94.04200485081223,True,94.04200485081223,5.269287224345659,0.9118072173053948,49.51036342801456
1835,IRNSS-1I,imported,slow_drift,1750.0,1.069072981417819e-12,92.36790559449956,True,92.36790559449956,5.357015899648573,0.9166196018683624,49.5938315486536
1836,IRNSS-1I,imported,slow_drift,1750.0,1.1433291151313098e-12,98.78363554734516,True,98.78363554734516,5.498237347672032,0.906042459552354,49.51497786154164
1837,IRNSS-1I,imported,slow_drift,1750.0,1.1275394602932525e-12,97.419409369337,True,97.419409369337,5.387126408271823,0.9109812304005624,49.63030426633413
1838,IRNSS-1I,imported,slow_drift,1750.0,1.0904611265371128e-12,94.21584133280656,True,94.21584133280656,5.266412236415885,0.9125791995210004,49.60887642351702
1839,IRNSS-1I,imported,slow_drift,1750.0,1.0690671332825429e-12,92.3674003156117,True,92.3674003156117,5.422519979242082,0.9160166119200034,49.68564522691855
1840,IRNSS-1I,imported,slow_drift,1750.0,1.136293824715821e-12,98.17578645544694,True,98.17578645544694,5.507898546818584,0.9091305484082288,49.64817601795215
1841,IRNSS-1I,imported,slow_drift,1750.0,1.1434449556039894e-12,98.79364416418468,True,98.79364416418468,5.515461526610227,0.9072944304251286,49.65674852327603
1842,IRNSS-1I,imported,slow_drift,1750.0,1.180177987216505e-12,101.96737809550604,True,101.96737809550604,5.774331482876078,0.9097784368460688,49.74133306380049
1843,IRNSS-1I,imported,slow_drift,1750.0,1.1405329704080869e-12,98.54204864325872,True,98.54204864325872,5.681282244638184,0.9095271635381864,49.67998073214416
1844,IRNSS-1I,imported,slow_drift,1750.0,1.1868067193926385e-12,102.54010055552396,True,102.54010055552396,5.94008217738872,0.9077448550079296,49.62476997670208
1845,IRNSS-1I,imported,slow_drift,1750.0,1.2184361223409586e-12,105.27288097025884,True,105.27288097025884,5.718913514412152,0.9066267132959775,49.72119870869866
1846,IRNSS-1I,imported,slow_drift,1750.0,1.213967435479632e-12,104.8867864254402,True,104.8867864254402,5.654484944433728,0.9060320109546932,49.80786764261743
1847,IRNSS-1I,imported,slow_drift,1750.0,1.2089026762612361e-12,104.4491912289708,True,104.4491912289708,5.898041739476153,0.9064107956192722,49.76824385586698
1848,IRNSS-1I,imported,slow_drift,1750.0,1.2066838703731718e-12,104.25748640024204,True,104.25748640024204,6.046345232177472,0.9186444363153752,49.85198534208872
1849,IRNSS-1I,imported,slow_drift,1750.0,1.0872400210953989e-12,93.93753782264248,True,93.93753782264248,5.503382271883221,0.9056195474449668,49.866359383196055
